박완서,%B9%DA%BF%CF%BC%AD
서영은,%BC%AD%BF%B5%C0%BA
조정래,%C1%B6%C1%A4%B7%A1
윤후명,%C0%B1%C8%C4%B8%ED
박영한,%B9%DA%BF%B5%C7%D1
김원우,%B1%E8%BF%F8%BF%EC
이문열,%C0%CC%B9%AE%BF%AD
김향숙,%B1%E8%C7%E2%BC%F7
양귀자,%BE%E7%B1%CD%C0%DA
현길언,%C7%F6%B1%E6%BE%F0
이인성,%C0%CC%C0%CE%BC%BA
임철우,%C0%D3%C3%B6%BF%EC
최수철,%C3%D6%BC%F6%C3%B6
이승우,%C0%CC%BD%C2%BF%EC
정찬,%C1%A4%C2%F9
이순원,%C0%CC%BC%F8%BF%F8
신경숙,%BD%C5%B0%E6%BC%F7
복거일,%BA%B9%B0%C5%C0%CF
최윤,%C3%D6%C0%B1
윤대녕,%C0%B1%B4%EB%B3%E7
김소진,%B1%E8%BC%D2%C1%F8
성석제,%BC%BA%BC%AE%C1%A6
은희경,%C0%BA%C8%F1%B0%E6
김영하,%B1%E8%BF%B5%C7%CF
최인훈,%C3%D6%C0%CE%C8%C6
최일남,%C3%D6%C0%CF%B3%B2
이제하,%C0%CC%C1%A6%C7%CF
홍성원,%C8%AB%BC%BA%BF%F8
김용성,%B1%E8%BF%EB%BC%BA
서정인,%BC%AD%C1%A4%C0%CE
김승옥,%B1%E8%BD%C2%BF%C1
황석영,%C8%B2%BC%AE%BF%B5
박상륭,%B9%DA%BB%F3%B8%A2
전상국,%C0%FC%BB%F3%B1%B9
이병주,%C0%CC%BA%B4%C1%D6
이청준,%C0%CC%C3%BB%C1%D8
조세희,%C1%B6%BC%BC%C8%F1
이문구,%C0%CC%B9%AE%B1%B8
이동하,%C0%CC%B5%BF%C7%CF
김원일,%B1%E8%BF%F8%C0%CF
최인호,%C3%D6%C0%CE%C8%A3
한승원,%C7%D1%BD%C2%BF%F8
윤흥길,%C0%B1%C8%EF%B1%E6
오정희,%BF%C0%C1%A4%C8%F1
김주영,%B1%E8%C1%D6%BF%B5
문순태,%B9%AE%BC%F8%C5%C2
현기영,%C7%F6%B1%E2%BF%B5
김성동,%B1%E8%BC%BA%B5%BF
